{
  "model": "GradientBoostingClassifier",
  "data_splits": {
    "training": 56351,
    "test": 14088,
    "total": 70439
  },
  "test_performance": {
    "accuracy": 0.6527,
    "roc_auc": 0.6478,
    "avg_precision": 0.1518,
    "report": {
      "Not Early": {
        "precision": 0.9375827084252316,
        "recall": 0.6627172811598722,
        "f1-score": 0.7765447321550898,
        "support": 12829.0
      },
      "Early (<30d)": {
        "precision": 0.13804780876494024,
        "recall": 0.5504368546465449,
        "f1-score": 0.22073578595317725,
        "support": 1259.0
      },
      "accuracy": 0.6526831345826235,
      "macro avg": {
        "precision": 0.5378152585950859,
        "recall": 0.6065770679032085,
        "f1-score": 0.4986402590541335,
        "support": 14088.0
      },
      "weighted avg": {
        "precision": 0.8661308033519559,
        "recall": 0.6526831345826235,
        "f1-score": 0.72687384464315,
        "support": 14088.0
      }
    }
  },
  "training_performance": {
    "accuracy": 0.6721
  },
  "overfitting_gap": 1.94,
  "cross_validation": {
    "cv_accuracy_mean": 0.9104,
    "cv_accuracy_std": 0.0003,
    "cv_roc_auc_mean": 0.6358,
    "cv_roc_auc_std": 0.0074,
    "folds": 5
  },
  "confusion_matrix": [
    [
      8502,
      4327
    ],
    [
      566,
      693
    ]
  ],
  "feature_importance": {
    "age_numeric": 0.0573,
    "gender_enc": 0.0121,
    "race_enc": 0.026,
    "time_in_hospital": 0.0673,
    "num_lab_procedures": 0.0873,
    "num_procedures": 0.0276,
    "num_medications": 0.0708,
    "number_outpatient": 0.0237,
    "number_emergency": 0.0196,
    "number_inpatient": 0.1074,
    "number_diagnoses": 0.0438,
    "a1c_result_enc": 0.0161,
    "glu_serum_enc": 0.0106,
    "insulin_enc": 0.0177,
    "metformin_enc": 0.011,
    "glipizide_enc": 0.01,
    "glyburide_enc": 0.0106,
    "glimepiride_enc": 0.0065,
    "change_enc": 0.0056,
    "diabetes_med_enc": 0.0136,
    "num_meds_changed": 0.012,
    "num_meds_used": 0.0282,
    "admission_type_grp": 0.0239,
    "discharge_grp": 0.1522,
    "admission_source_grp": 0.0211,
    "diag_1_cat_enc": 0.0532,
    "diag_2_cat_enc": 0.0365,
    "diag_3_cat_enc": 0.0283
  },
  "model_config": {
    "n_estimators": 500,
    "learning_rate": 0.05,
    "max_depth": 4,
    "min_samples_leaf": 30,
    "subsample": 0.8,
    "max_features": "sqrt",
    "random_state": 42
  },
  "test_acc": 0.6527,
  "train_acc": 0.6721,
  "roc_auc": 0.6478,
  "cv_acc": [
    0.9101233253482388,
    0.9110913930789707,
    0.9102928127772848,
    0.9102928127772848,
    0.9102928127772848
  ],
  "cv_roc": [
    0.6234488314472237,
    0.6336432268285501,
    0.6409531602856784,
    0.6452871408471595,
    0.6356515832799695
  ],
  "fpr": [],
  "tpr": [],
  "per_class": {
    "Not Early (<30d)": {
      "precision": 0.938,
      "recall": 0.663,
      "f1": 0.777
    },
    "Early (<30d)": {
      "precision": 0.138,
      "recall": 0.55,
      "f1": 0.221
    }
  },
  "class_names": [
    "Not Early",
    "Early (<30d)"
  ],
  "mean_confidence": 0.4547,
  "n_train": 56351,
  "n_test": 14088,
  "training_mode": "real_data_only",
  "loo_acc": 0.9104,
  "loo_roc": 0.6358
}