{
  "model": "XGBClassifier",
  "data_splits": {
    "training": 56351,
    "test": 14088,
    "total": 70439
  },
  "test_performance": {
    "accuracy": 0.6981,
    "roc_auc": 0.6579,
    "avg_precision": 0.1739,
    "report": {
      "Not Early": {
        "precision": 0.9355952864689151,
        "recall": 0.717904747057448,
        "f1-score": 0.8124200591011335,
        "support": 12829.0
      },
      "Early (<30d)": {
        "precision": 0.14726672950047126,
        "recall": 0.4964257347100874,
        "f1-score": 0.22714882791204796,
        "support": 1259.0
      },
      "accuracy": 0.6981118682566724,
      "macro avg": {
        "precision": 0.5414310079846931,
        "recall": 0.6071652408837677,
        "f1-score": 0.5197844435065907,
        "support": 14088.0
      },
      "weighted avg": {
        "precision": 0.8651448567966217,
        "recall": 0.6981118682566724,
        "f1-score": 0.760116220368378,
        "support": 14088.0
      }
    }
  },
  "training_performance": {
    "accuracy": 0.7378
  },
  "overfitting_gap": 3.97,
  "cross_validation": {
    "cv_accuracy_mean": 0.7043,
    "cv_accuracy_std": 0.004,
    "cv_roc_auc_mean": 0.6376,
    "cv_roc_auc_std": 0.0053,
    "folds": 5
  },
  "confusion_matrix": [
    [
      9210,
      3619
    ],
    [
      634,
      625
    ]
  ],
  "feature_importance": {
    "age_numeric": 0.0209,
    "gender_enc": 0.0187,
    "race_enc": 0.0193,
    "time_in_hospital": 0.0205,
    "admission_type_grp": 0.0186,
    "discharge_grp": 0.0808,
    "discharge_disposition_id": 0.0335,
    "admission_source_grp": 0.0182,
    "num_lab_procedures": 0.0196,
    "num_procedures": 0.0171,
    "num_medications": 0.0182,
    "number_outpatient": 0.017,
    "number_emergency": 0.0192,
    "number_inpatient": 0.0632,
    "number_diagnoses": 0.0208,
    "a1c_result_enc": 0.0188,
    "glu_serum_enc": 0.0173,
    "insulin_enc": 0.0187,
    "metformin_enc": 0.0181,
    "glipizide_enc": 0.018,
    "glyburide_enc": 0.0177,
    "glimepiride_enc": 0.0165,
    "change_enc": 0.0162,
    "diabetes_med_enc": 0.0306,
    "num_meds_changed": 0.0167,
    "num_meds_used": 0.0204,
    "total_prior_visits": 0.0249,
    "has_prior_inpatient": 0.1096,
    "high_risk_discharge": 0.1109,
    "insulin_down": 0.0206,
    "poor_glycaemic_control": 0.021,
    "long_stay": 0.0205,
    "multimorbid": 0.0195,
    "diag_1_cat_enc": 0.0219,
    "diag_2_cat_enc": 0.0189,
    "diag_3_cat_enc": 0.0177
  },
  "model_config": {
    "n_estimators": 800,
    "learning_rate": 0.03,
    "max_depth": 5,
    "subsample": 0.8,
    "colsample_bytree": 0.8,
    "min_child_weight": 25,
    "tree_method": "hist",
    "eval_metric": "auc",
    "random_state": 42,
    "verbosity": 0
  },
  "test_acc": 0.6981,
  "train_acc": 0.7378,
  "roc_auc": 0.6579,
  "cv_acc": [
    0.7053500133084908,
    0.702661934338953,
    0.6994676131322094,
    0.7113575865128661,
    0.7024844720496894
  ],
  "cv_roc": [
    0.6288072599366811,
    0.6385660408321715,
    0.6434550371892513,
    0.6420340670940172,
    0.6348916328696098
  ],
  "fpr": [],
  "tpr": [],
  "per_class": {
    "Not Early (<30d)": {
      "precision": 0.936,
      "recall": 0.718,
      "f1": 0.812
    },
    "Early (<30d)": {
      "precision": 0.147,
      "recall": 0.496,
      "f1": 0.227
    }
  },
  "class_names": [
    "Not Early",
    "Early (<30d)"
  ],
  "mean_confidence": 0.4277,
  "n_train": 56351,
  "n_test": 14088,
  "training_mode": "real_data_only",
  "loo_acc": 0.7043,
  "loo_roc": 0.6376
}