{
  "y_test": [
    1,
    1,
    0,
    0,
    0,
    0,
    0,
    0,
    0,
    0,
    1,
    1,
    1,
    1,
    0,
    0,
    1,
    0,
    1,
    1,
    0,
    0,
    1,
    1,
    0,
    1,
    0,
    1,
    1,
    1,
    0,
    0,
    0,
    1,
    0,
    0,
    1,
    0,
    0,
    0,
    1,
    0,
    1,
    1,
    1,
    1,
    0,
    0,
    1,
    1,
    1,
    0
  ],
  "y_pred": [
    1,
    1,
    0,
    0,
    0,
    0,
    0,
    0,
    0,
    1,
    0,
    1,
    1,
    0,
    0,
    0,
    0,
    0,
    1,
    0,
    1,
    0,
    1,
    1,
    1,
    1,
    0,
    0,
    1,
    0,
    1,
    0,
    0,
    1,
    0,
    0,
    0,
    0,
    0,
    1,
    0,
    0,
    0,
    0,
    0,
    0,
    0,
    0,
    0,
    1,
    1,
    1
  ],
  "y_proba": [
    [
      0.41759460809471066,
      0.5824053919052893
    ],
    [
      0.4121979278255729,
      0.587802072174427
    ],
    [
      0.5996939672268845,
      0.4003060327731155
    ],
    [
      0.5023017023826605,
      0.49769829761733947
    ],
    [
      0.6734165711339231,
      0.3265834288660771
    ],
    [
      0.5879462102798771,
      0.41205378972012285
    ],
    [
      0.5737796006550664,
      0.4262203993449335
    ],
    [
      0.5404136406529871,
      0.4595863593470129
    ],
    [
      0.6811888517865586,
      0.31881114821344136
    ],
    [
      0.44312759308538724,
      0.5568724069146128
    ],
    [
      0.6613466461285672,
      0.3386533538714329
    ],
    [
      0.4137072223323248,
      0.5862927776676752
    ],
    [
      0.36232156215167677,
      0.6376784378483231
    ],
    [
      0.5647851482128919,
      0.4352148517871081
    ],
    [
      0.5786226884416901,
      0.42137731155830993
    ],
    [
      0.5269086013385264,
      0.4730913986614736
    ],
    [
      0.5535771136438458,
      0.44642288635615424
    ],
    [
      0.5596077798471262,
      0.4403922201528737
    ],
    [
      0.37430171549444347,
      0.6256982845055565
    ],
    [
      0.6069611188744409,
      0.393038881125559
    ],
    [
      0.3823045848683904,
      0.6176954151316097
    ],
    [
      0.5650952378955165,
      0.4349047621044835
    ],
    [
      0.30082463262339715,
      0.699175367376603
    ],
    [
      0.43160891495481235,
      0.5683910850451876
    ],
    [
      0.4686204454157535,
      0.5313795545842465
    ],
    [
      0.4984058004480557,
      0.5015941995519444
    ],
    [
      0.5871002555819128,
      0.41289974441808724
    ],
    [
      0.5732735195548164,
      0.42672648044518363
    ],
    [
      0.47510372464400313,
      0.5248962753559969
    ],
    [
      0.6237216977373702,
      0.3762783022626298
    ],
    [
      0.4117375672397021,
      0.5882624327602979
    ],
    [
      0.6755688683507894,
      0.3244311316492107
    ],
    [
      0.5099478696774409,
      0.490052130322559
    ],
    [
      0.44939633043934846,
      0.5506036695606515
    ],
    [
      0.7151276661845978,
      0.2848723338154022
    ],
    [
      0.5009673167735711,
      0.49903268322642896
    ],
    [
      0.5264621955304043,
      0.4735378044695957
    ],
    [
      0.5874503581939718,
      0.41254964180602804
    ],
    [
      0.5162907863737121,
      0.483709213626288
    ],
    [
      0.32011217590643404,
      0.6798878240935659
    ],
    [
      0.5291930362755487,
      0.4708069637244513
    ],
    [
      0.5544441044889783,
      0.4455558955110218
    ],
    [
      0.654042197437162,
      0.3459578025628381
    ],
    [
      0.6096586327788605,
      0.39034136722113955
    ],
    [
      0.6367942523176562,
      0.3632057476823438
    ],
    [
      0.599105247864501,
      0.40089475213549897
    ],
    [
      0.7093498884068201,
      0.29065011159318
    ],
    [
      0.6123947990070913,
      0.38760520099290885
    ],
    [
      0.5347962513609517,
      0.4652037486390484
    ],
    [
      0.2644447938306712,
      0.7355552061693288
    ],
    [
      0.4699138067463191,
      0.5300861932536809
    ],
    [
      0.39749774127317605,
      0.6025022587268241
    ]
  ],
  "fpr": [
    0.0,
    0.0,
    0.0,
    0.037037037037037035,
    0.037037037037037035,
    0.14814814814814814,
    0.14814814814814814,
    0.18518518518518517,
    0.18518518518518517,
    0.2222222222222222,
    0.2222222222222222,
    0.37037037037037035,
    0.37037037037037035,
    0.4074074074074074,
    0.4074074074074074,
    0.4444444444444444,
    0.4444444444444444,
    0.5185185185185185,
    0.5185185185185185,
    0.5555555555555556,
    0.5555555555555556,
    0.7407407407407407,
    0.7407407407407407,
    0.7777777777777778,
    0.7777777777777778,
    0.8148148148148148,
    0.8148148148148148,
    1.0
  ],
  "tpr": [
    0.0,
    0.04,
    0.08,
    0.08,
    0.16,
    0.16,
    0.32,
    0.32,
    0.36,
    0.36,
    0.48,
    0.48,
    0.52,
    0.52,
    0.6,
    0.6,
    0.64,
    0.64,
    0.68,
    0.68,
    0.72,
    0.72,
    0.76,
    0.76,
    0.84,
    0.84,
    1.0,
    1.0
  ],
  "class_names": [
    "DIABETES",
    "HEART DISEASE"
  ],
  "train_acc": 0.73,
  "test_acc": 0.6346153846153846,
  "roc_auc": 0.6088888888888889,
  "cv_acc": [
    0.6,
    0.75,
    0.55,
    0.6,
    0.7
  ],
  "cv_roc": [
    0.62,
    0.75,
    0.61,
    0.5656565656565656,
    0.6060606060606061
  ],
  "loo_acc": 0.3269230769230769,
  "loo_roc": 0.2666666666666667,
  "confidence_scores": [
    58.2,
    58.8,
    60.0,
    50.2,
    67.3,
    58.8,
    57.4,
    54.0,
    68.1,
    55.7,
    66.1,
    58.6,
    63.8,
    56.5,
    57.9,
    52.7,
    55.4,
    56.0,
    62.6,
    60.7,
    61.8,
    56.5,
    69.9,
    56.8,
    53.1,
    50.2,
    58.7,
    57.3,
    52.5,
    62.4,
    58.8,
    67.6,
    51.0,
    55.1,
    71.5,
    50.1,
    52.6,
    58.7,
    51.6,
    68.0,
    52.9,
    55.4,
    65.4,
    61.0,
    63.7,
    59.9,
    70.9,
    61.2,
    53.5,
    73.6,
    53.0,
    60.3
  ],
  "mean_confidence": 59.1,
  "per_class": {
    "DIABETES": {
      "precision": 61.8,
      "recall": 77.8,
      "f1": 68.9
    },
    "HEART DISEASE": {
      "precision": 66.7,
      "recall": 48.0,
      "f1": 55.8
    }
  },
  "overfitting_gap": 9.5,
  "best_params": {
    "max_depth": 2,
    "min_samples_leaf": 3,
    "n_estimators": 50
  },
  "training_mode": "synthetic",
  "n_train": 100,
  "n_test": 52
}