{
  "y_test": [
    1,
    1,
    0,
    0,
    0,
    0,
    0,
    0,
    0,
    0,
    1,
    1,
    1,
    1,
    0,
    0,
    1,
    0,
    1,
    1,
    0,
    0,
    1,
    1,
    0,
    1,
    0,
    1,
    1,
    1,
    0,
    0,
    0,
    1,
    0,
    0,
    1,
    0,
    0,
    0,
    1,
    0,
    1,
    1,
    1,
    1,
    0,
    0,
    1,
    1,
    1,
    0
  ],
  "y_pred": [
    1,
    1,
    0,
    0,
    0,
    0,
    0,
    0,
    0,
    0,
    0,
    1,
    0,
    1,
    0,
    0,
    1,
    0,
    1,
    0,
    1,
    0,
    0,
    1,
    0,
    1,
    0,
    0,
    1,
    1,
    0,
    1,
    0,
    1,
    1,
    1,
    0,
    0,
    1,
    1,
    1,
    0,
    1,
    0,
    1,
    0,
    0,
    0,
    0,
    0,
    1,
    1
  ],
  "y_proba": [
    [
      0.3333333333333333,
      0.6666666666666666
    ],
    [
      0.0,
      1.0
    ],
    [
      0.6666666666666666,
      0.3333333333333333
    ],
    [
      1.0,
      0.0
    ],
    [
      0.6666666666666666,
      0.3333333333333333
    ],
    [
      1.0,
      0.0
    ],
    [
      0.6666666666666666,
      0.3333333333333333
    ],
    [
      1.0,
      0.0
    ],
    [
      1.0,
      0.0
    ],
    [
      0.6666666666666666,
      0.3333333333333333
    ],
    [
      1.0,
      0.0
    ],
    [
      0.3333333333333333,
      0.6666666666666666
    ],
    [
      0.6666666666666666,
      0.3333333333333333
    ],
    [
      0.0,
      1.0
    ],
    [
      0.6666666666666666,
      0.3333333333333333
    ],
    [
      0.6666666666666666,
      0.3333333333333333
    ],
    [
      0.3333333333333333,
      0.6666666666666666
    ],
    [
      0.6666666666666666,
      0.3333333333333333
    ],
    [
      0.0,
      1.0
    ],
    [
      1.0,
      0.0
    ],
    [
      0.3333333333333333,
      0.6666666666666666
    ],
    [
      1.0,
      0.0
    ],
    [
      0.6666666666666666,
      0.3333333333333333
    ],
    [
      0.3333333333333333,
      0.6666666666666666
    ],
    [
      0.6666666666666666,
      0.3333333333333333
    ],
    [
      0.0,
      1.0
    ],
    [
      0.6666666666666666,
      0.3333333333333333
    ],
    [
      0.6666666666666666,
      0.3333333333333333
    ],
    [
      0.3333333333333333,
      0.6666666666666666
    ],
    [
      0.3333333333333333,
      0.6666666666666666
    ],
    [
      0.6666666666666666,
      0.3333333333333333
    ],
    [
      0.3333333333333333,
      0.6666666666666666
    ],
    [
      0.6666666666666666,
      0.3333333333333333
    ],
    [
      0.0,
      1.0
    ],
    [
      0.3333333333333333,
      0.6666666666666666
    ],
    [
      0.3333333333333333,
      0.6666666666666666
    ],
    [
      0.6666666666666666,
      0.3333333333333333
    ],
    [
      0.6666666666666666,
      0.3333333333333333
    ],
    [
      0.3333333333333333,
      0.6666666666666666
    ],
    [
      0.3333333333333333,
      0.6666666666666666
    ],
    [
      0.0,
      1.0
    ],
    [
      1.0,
      0.0
    ],
    [
      0.3333333333333333,
      0.6666666666666666
    ],
    [
      0.6666666666666666,
      0.3333333333333333
    ],
    [
      0.3333333333333333,
      0.6666666666666666
    ],
    [
      0.6666666666666666,
      0.3333333333333333
    ],
    [
      0.6666666666666666,
      0.3333333333333333
    ],
    [
      0.6666666666666666,
      0.3333333333333333
    ],
    [
      0.6666666666666666,
      0.3333333333333333
    ],
    [
      0.6666666666666666,
      0.3333333333333333
    ],
    [
      0.0,
      1.0
    ],
    [
      0.3333333333333333,
      0.6666666666666666
    ]
  ],
  "fpr": [
    0.0,
    0.0,
    0.25925925925925924,
    0.7777777777777778,
    1.0
  ],
  "tpr": [
    0.0,
    0.28,
    0.6,
    0.92,
    1.0
  ],
  "class_names": [
    "DIABETES",
    "HEART DISEASE"
  ],
  "train_acc": 0.762,
  "test_acc": 0.6730769230769231,
  "roc_auc": 0.7214814814814816,
  "cv_acc": [
    0.49,
    0.49,
    0.62,
    0.53,
    0.53
  ],
  "cv_roc": [
    0.507011217948718,
    0.49799679487179493,
    0.6185897435897436,
    0.5627003205128206,
    0.49919871794871795
  ],
  "loo_acc": 0.46153846153846156,
  "loo_roc": 0.42,
  "confidence_scores": [
    66.7,
    100.0,
    66.7,
    100.0,
    66.7,
    100.0,
    66.7,
    100.0,
    100.0,
    66.7,
    100.0,
    66.7,
    66.7,
    100.0,
    66.7,
    66.7,
    66.7,
    66.7,
    100.0,
    100.0,
    66.7,
    100.0,
    66.7,
    66.7,
    66.7,
    100.0,
    66.7,
    66.7,
    66.7,
    66.7,
    66.7,
    66.7,
    66.7,
    100.0,
    66.7,
    66.7,
    66.7,
    66.7,
    66.7,
    66.7,
    100.0,
    100.0,
    66.7,
    66.7,
    66.7,
    66.7,
    66.7,
    66.7,
    66.7,
    66.7,
    100.0,
    66.7
  ],
  "mean_confidence": 76.3,
  "per_class": {
    "DIABETES": {
      "precision": 66.7,
      "recall": 74.1,
      "f1": 70.2
    },
    "HEART DISEASE": {
      "precision": 68.2,
      "recall": 60.0,
      "f1": 63.8
    }
  },
  "overfitting_gap": 8.9,
  "best_params": {
    "knn__metric": "manhattan",
    "knn__n_neighbors": 3,
    "knn__weights": "uniform"
  },
  "training_mode": "synthetic",
  "n_train": 500,
  "n_test": 52
}